Date,Tweet,Sentiment
2025-05-09 14:07:11+00:00,"I HATE this #Samsung update!!!!

If I wanted an iPhone,  I'd get one. I hate this layout. https://t.co/JHqvbxP0u4",Negative
2025-05-09 14:07:11+00:00,"#GalaxyAI #GalaxyS25 #Samsung
Ready to go beyond slim? Join us on May 13, 2025 to check out the slimmest Galaxy S Series ever. Learn more: https://t.co/kUej9uomAS https://t.co/qp7pc5FBFa",Positive
2025-05-09 14:07:08+00:00,"Over the last decade, smartphones have undergone a remarkable transformation ‚Äì becoming more powerful and intelligent than ever before. https://t.co/nRw2dlCevJ",Positive
2025-05-09 14:06:16+00:00,"@just2red @AnxiousHolly But that has nothing to do with exynos. Samsung lost 500M dollars to go all snapdragon with their S25 line-up, thats crazy. If they go all exynos, they can use all that excess money to improve hardware and other things. Snapdragon is killing them",Negative
2025-05-09 14:06:11+00:00,"Trying hard not to hate on the new Samsung Ui update just because it's different, but man, if I wanted an iPhone, I'd have just bought an iPhone.",Positive
2025-05-09 14:05:59+00:00,"@jureumisjutdae For a long time Felix was promoting his Samsung for every time he was in the airport, tv show, photoshoot or SKZ content. I can't imagine why he wouldn't deserve this collab... üôÉ",Positive
2025-05-09 14:05:57+00:00,@4_Ben_Media The story of Samsung and Apple and their beef is crazy. Buisness is more cold blooded then the streets,Negative
2025-05-09 14:05:44+00:00,"@yournormalfurry @PineDurr I'd kill myself if I lived in Florida lmao. No, Michigan.

And bottled water still tastes awful, I'll pass on the microplastics. xd

We have a water purifier on our Samsung fridge and I still won't drink it cuz it tastes like complete shit.",Negative
2025-05-09 14:05:41+00:00,@llovelights @rod25686 Nope Felix only became connected to LV when he got signed . Binnie loves Samsung ya and he had a collab with them but the contract is over now . Skz also all used Samsung bt are back to their iPhones except Felix (cos he deffo has a deal with them ) and Binnie (has always used i),Positive
2025-05-09 14:05:32+00:00,"@WorkaholicDavid what is this garbageüò≠

Like I get Samsung is trying to go for an unique look with the Squircle, but this just looks bad, they should‚Äôve made the screen squircle too",Negative
2025-05-09 14:05:29+00:00,Samsung is gearing up to launch the Galaxy S25 Edge next week https://t.co/3xxzeDGBwe #Android,Neutral
2025-05-09 14:05:13+00:00,"üì¢ #FELIX is to be announced as the new face of Samsung Galaxy on the launch of Samsung #GalaxyS25 Edge on May 13!

‚Äî Samsung Korea has teased the reveal on various social platforms.

‚ù£Ô∏èMake sure to engage with all posts &amp; tune in for trending parties on May 13, 8:30AM KST. https://t.co/VjQbJd7P3a",Positive
2025-05-09 14:04:48+00:00,"@LincolnMargison @ItsHapa what?  I know you're not this dumb...samsung does not make the software that runs on their phones.  so, one more time...Cronus creates the hardware....and wait for it...THE SOFTWARE that runs on their devices...they are responsible for the software exploits that happen.",Positive
2025-05-09 14:04:44+00:00,@omGenios @Samsung_Chain done,Neutral
2025-05-09 14:04:26+00:00,Our latest week-ending collection of the top mobile tech deals and steals out there is one for the ages. https://t.co/9NXhI3xnHb,Negative
2025-05-09 14:04:16+00:00,"The updated ONE UI 7 is now available on the Galaxy Z Flip6 and Z Fold6! Tune in for a live session where we'll explore how to utilise AI-powered features to simplify your daily routine. So get involved in the chat, we‚Äôd love to hear how ‚Ä¶ https://t.co/25kwCOYwgQ",Positive
2025-05-09 14:04:11+00:00,"New LoRA Release: ‚ÄúSamsungCam‚ÄØUltraReal‚Äù for Flux üì∏

You can check it here: https://t.co/h2TCnUxzLz
I‚Äôm still on that never‚Äëending quest to push photorealism to the absolute limit. So, as a loyal Galaxy user, I trained a Samsung-style LoRA. https://t.co/XBUVYf0odZ",Positive
2025-05-09 14:04:02+00:00,"A New Era Begins at the Vatican

Watch Salem News Channel on https://t.co/qQ1c6NB85H, Pluto TV, &amp; Samsung TV Plus Channel 1177 https://t.co/hnkbxuRTnd",Neutral
2025-05-09 14:03:24+00:00,"Samsung One UI 8 hype is much bigger than One UI 7.
#TeamGalaxy 
Your opinion?
#OneUI8 https://t.co/AKD70qNz9X",Neutral
2025-05-09 14:03:17+00:00,"Samsung purchases legendary audio brands, cranks up battle with Apple https://t.co/S5PENHGHZd https://t.co/ZIH7Yxz6nn",Negative
2025-05-09 14:02:37+00:00,"@tarunvats33 Samsung will implement this after 10 years and Apple folks will laugh at us.
ü§°",Positive
2025-05-09 14:02:31+00:00,"Interesting, I have watched at least 3 worlds and I can only remember Samsung galaxy‚Äôs victory in 2017 if I am not mistaken and one victory of RNG in msi",Positive
2025-05-09 14:02:25+00:00,@BATMAN_SPOTTED Samsung option is fake as everything else,Negative
2025-05-09 14:02:10+00:00,@Nanartje @AnxiousHolly Samsung is a mess. They cannot push updates in the same time. I was waiting months to get one ui 7 meanwhile s25 users had it,Negative
2025-05-09 14:02:00+00:00,"ü´ß Samsung JUST released a new All-in-One Washer &amp; Dryer! And we have a special $1,100 OFF offer for you! Already!

Discount pre-applied here:
https://t.co/AlM7Pg0m2y https://t.co/Zdxytk8TfV",Positive
2025-05-09 14:01:57+00:00,"@pulpliveworld phone rental service here! available phones for both dates july 27 and 28!
 available phones:
samsung s24 ultra
samsung s25 ultra
samsung s23 ultra
iphone 16 pro
pm us",Neutral
2025-05-09 14:01:56+00:00,@WorkaholicDavid God samsung dosen't know how to design,Positive
2025-05-09 14:01:49+00:00,"@Photosix1 @ItsHapa So you can C&amp;D Samsung for example, because custom apps made by third parties can be used on the phone?",Positive
2025-05-09 14:01:45+00:00,@TechWhirlUlt Don't know bro. But I must move to samsung for sure. May be ultra series or S series. I will get that when I will have enough money. No way I'm buying oneplus again.,Neutral
2025-05-09 14:01:39+00:00,"@SamsungMobile Slim or no slim battery capacity and lasting must be quaranty even if it will be a flatter but long lasting battery that could be fixed with d phone, once phone as space for battery the size doesn't matter base on what it will do, cos old Samsung galaxy series doesn't last",Negative
2025-05-09 14:01:31+00:00,@lynk0x The dishwasher at my local ihop is reportedly looking to the same too yo ‚Ä¶ Samsung x btc coded,Neutral
2025-05-09 14:01:24+00:00,"VOLTME 3A 60W USB Type C Super Fast Charge Cable Fast Charging USB C Charger Data Cord For Samsung S22 S21 Xiaomi iPhone 15
USD USD 7.79 (61% off, USD USD 19.98)

https://t.co/7aD0kQO2K6
#VOLTME #VOLTME #Audio #AliExpress",Positive
2025-05-09 14:01:17+00:00,Anyone with an Samsung watch 7 had really shit battery life since the last update? Im having to charge it every day ü§¶üèº‚Äç‚ôÄÔ∏è #samsung #watch7,Negative
2025-05-09 14:01:12+00:00,Samsung AI strategy delivers record revenue despite semiconductor headwinds https://t.co/FCRHqyCbO4,Neutral
2025-05-09 14:01:00+00:00,"üö®NEW VIDEO ALERT!!üö®                  

REDESIGNED, BUT IS IT GOOD?? - @Caudabe Synthesis for Samsung Galaxy S25 Ultra

https://t.co/L7n84EVP3x

Retweets are greatly appreciated!!üí™üèºüôèüèº https://t.co/c2LFYUVrhW",Positive
2025-05-09 14:00:56+00:00,"@apisith84 @JZ281C Same with the autarkic mindset about FDI. It truly doesn‚Äôt matter whether the FDI comes from Taiwan, SK, Japan, Germany, US or even China, FDI for some reason gets heavily villainised for political or even crony reasons. Read about the Vodafone case, Samsung fines, and VW",Positive
2025-05-09 14:00:53+00:00,"#GalaxyS25Ultra #GalaxyS25 #Samsung
Want a smarter way to ace your next exam? Get motivated to study with your true AI companion, the Galaxy S25 Ultra. Learn more: https://t.co/IHxHAYZNch https://t.co/k2Q3gl7nxf",Positive
2025-05-09 14:00:53+00:00,"#GalaxyS25Ultra #GalaxyS25 #Samsung
Want a smarter way to ace your next exam? Get motivated to study with your true AI companion, the Galaxy S25 Ultra. Learn more: https://t.co/27sdQICO0P https://t.co/g4bU4SWmwS",Positive
2025-05-09 14:00:36+00:00,Prestigious award highlights company‚Äôs commitment to advancing circularity and reducing environmental impact. https://t.co/1n7yA6gMB4,Positive
2025-05-09 14:00:16+00:00,@KathleenWinche3 I‚Äôm feeling like this would be better than my Samsung. If only our grandmas knew how things ended up. https://t.co/dzoM6x0pcJ,Positive
2025-05-09 14:00:09+00:00,"These could be yours but you‚Äôre playing üïπÔ∏è! Pre-order the NEW #Odyssey3D or #OdysseyG9 gaming monitors &amp; see how we don‚Äôt play about your rewards; receive an extended warranty &amp; a R2 000 Steam Voucher üòâ. Valid until 31 May 2025.

Pre-order now: https://t.co/v3nqPVesXr https://t.co/DsdihWwk3o",Positive
2025-05-09 14:00:07+00:00,"the list continues...

#dentiste'
#CalvinKlein
#samsung

#FayePeraya",Neutral
2025-05-09 13:59:55+00:00,"@delhivery May I know the reasons for not delivering this order on time, which is again from Samsung
AWB - 23760716097615.
@SamsungIndia @delhivery",Neutral
2025-05-09 13:59:38+00:00,"The Samsung Galaxy S25 Edge series is expected to feature:
- Slimmer Design : Thinner and more compact
- Galaxy AI: Enhanced AI capabilities for improved performance and user experience
- Potential Upgrades : Better display, cameras, processor, storage, and battery life",Positive
2025-05-09 13:59:35+00:00,"üáÆüá≥ One UI 7 is rolling out in India for the #GalaxyZFlip3 &amp; #GalaxyZFold3! üì≤‚ú®
New features, smoother UI, and Android 15 goodness are coming your way. üîÑ
Check your settings &amp; start updating!
#Samsung #OneUI7 #ZFlip3 #ZFold3 #Android15",Positive
2025-05-09 13:59:01+00:00,"Seems that Samsung broke their shader compiler in Galaxy S24 (Xclipse 940 AMD GPU) with latest OS update. 

Now our RGBA ASTC4x4 compute shader PSO takes 139 seconds (over two minutes) to compile. Every other shader is fine. First time startup on Galaxy S24 is rough :D https://t.co/KfHOjKPUvb",Positive
2025-05-09 13:58:56+00:00,"12,000 shipping containers in all are on the first flotilla of freight vessels from China with goods for Amazon, Home Depot, Ikea, Ralph Lauren, Tractor Supply, Procter &amp; Gamble, LG, and Samsung, among others.

https://t.co/r7cBtDDn24",Positive
2025-05-09 13:58:54+00:00,"Talk about judging a book by its cover! The Android Police podcast goes over Samsung's revenue numbers and how the Galaxy S25 series contributed to them.
https://t.co/jPj8zpiAZ9",Neutral
2025-05-09 13:58:45+00:00,"@mrmschem Hello, Dean! Thank you for reaching out to our Samsung Care media channel. We understand your frustration and can relate to your concern regarding your Samsung freestyle. 1/2",Positive
2025-05-09 13:58:08+00:00,"Samsung Frame has a Star Wars collection with art from Brian Rood! Not sure if this is new or just new to me, but it‚Äôs awesome. https://t.co/WgnbPiLeTE",Positive
2025-05-09 13:58:04+00:00,@omGenios @Samsung_Chain Done,Neutral
2025-05-09 13:57:57+00:00,"üö® Leak Alert: First look at the #GalaxyWatch8 &amp; Watch8 Classic! üëÄ

Refined design, sleeker bezels ‚Äî and yes, Samsung‚Äôs adding a Quick Button for faster controls! üÜï‚åöÔ∏è

Is this the Apple Watch Ultra rival we've been waiting for?
#Samsung #GalaxyWatch #TechLeakers #Wearables https://t.co/9HPQOqybJq",Positive
2025-05-09 13:57:36+00:00,@SamsungMobile Star releasing updates for all devices so people will start using Samsung again,Neutral
2025-05-09 13:57:24+00:00,Damn should i switch to samsung??? https://t.co/Dn5bRmqRpE,Negative
2025-05-09 13:56:51+00:00,"Where you get your IPHONE PRODUCTS, SAMSUNG AND CO. with ease and you no go get any Police case!! 

üìç@TrendyGadgets91 
Dem dey deliver Nation wide!! 

W// @Mc_Actually 

Cc: @MufasaTundeEd @computervillang @YTAdvertisers @advertisingweek 
#Trendygadget #karachiport #Conclave2025 https://t.co/IWnuDE4oDd",Positive
2025-05-09 13:56:43+00:00,"Get amazing deals at Currys including up to 150 off Samsung 48"" 4K OLED TVs and discounted gadgets like earbuds, lenders, and slow cookers. Shop now!    https://t.co/6zQXDwEgy0 https://t.co/UAhggnbsdb",Positive
2025-05-09 13:56:26+00:00,"ü§îApple's foldable iPhone is coming!  Revolutionary Samsung display tech promises a thinner, more durable device with a nearly invisible crease.  High price expected.  What features are you most excited for? #Apple #FoldableiPhone #Samsung #iPhoneFold #Tech https://t.co/iVmQz0zDN3",Positive
2025-05-09 13:56:13+00:00,@Nanartje @AnxiousHolly Samsung cannot make good software updates for exynos btw,Negative
2025-05-09 13:55:30+00:00,@olabode_szn Samsung A05,Neutral
2025-05-09 13:55:28+00:00,"@iocmedia @Samsung Do you really want to be a sponsor of #BloodyOlympics,  @Samsung ? https://t.co/1aESj5pF0i",Positive
2025-05-09 13:55:01+00:00,Baltimore! Save yourself the cost of a new phone! Quality iPhone &amp; Samsung camera lens repairs in minutes at MobileLizard Cell Phone Repair.  Fix your iphone with a certified apple technician in less than an hour! https://t.co/focOrRH027,Positive
2025-05-09 13:54:58+00:00,"Samsung Display is reportedly supplying foldable OLED panels for Apples first foldable iPhone. Leaks claim the tech outperforms Samsungs own Galaxy Z Fold displays in brightness, crease depth, and energy efficiency.",Positive
2025-05-09 13:54:47+00:00,"@WhatsApp 
Automatic messages showing null in list view on samsung A35 5G https://t.co/1q52L9WvS8",Neutral
2025-05-09 13:54:25+00:00,the new samsung ui update is not it ü•≤ why does it look like this noo,Positive
2025-05-09 13:54:16+00:00,"O ARQUIRRIVAL DO APPLE WATCH

Smartwatch Samsung Galaxy Watch7 40mm 32GB Bluetooth

De R$ 2.699 por R$ 1.169 no Pix

Loja Oficial Samsung no ML

https://t.co/K6s4IY0akc
https://t.co/K6s4IY0akc",Negative
2025-05-09 13:53:32+00:00,"Samsung Galaxy Buds FE (White)| Powerful Active Noise Cancellation | Enriched Bass Sound | Ergonomic Design | 30-Hour Battery Life.

Full Details My Site...

Visit Now&gt;&gt; 
https://t.co/ohcZkXO9rv

#Headphone
#Mobile
#bluetoothspeaker
#Electric https://t.co/VFwXJmZ9IF",Positive
2025-05-09 13:53:28+00:00,@TushPushLover They did apparently I have a Samsung tho so I can still get it haha,Positive
2025-05-09 13:52:48+00:00,"@the__shaw Start with Samsung 
S series",Neutral
2025-05-09 13:52:30+00:00,"For XIAOMI SAMSUNG Galaxy Smart Ring Men Ladies Heart Rate Blood Oxygen IP68 &amp; 5ATM Water Resistant Smart Ring Multi Sport Mode
USD USD 18.81 (50% off, USD USD 37.61)

https://t.co/3C1ElPNODn
#For #For #Audio #AliExpress",Positive
2025-05-09 13:52:29+00:00,@Ajebutterfdb @the_Lawrenz Use Samsung you say no,Negative
2025-05-09 13:52:05+00:00,"@SamsungMobile I hope i didn't miss the launch? Samsung leads, others follow üí™",Positive
2025-05-09 13:51:48+00:00,@chetan_bhagat We will use samsung then..stfu,Neutral
2025-05-09 13:51:31+00:00,@insertdisclaimr I am canada and samsung person :'(,Negative
2025-05-09 13:50:55+00:00,"@theonecid well definitely not fucking Google Chrome

Either its Fennec, Brave, MS Edge, Cromite, Vivaldi or samsung internet https://t.co/ub8BGfOYrd",Positive
2025-05-09 13:50:54+00:00,I mean yea samsung tv plus app isnt available in malaysia region so :(,Negative
2025-05-09 13:50:52+00:00,"@seb_mc2 @thembeddevguy @TechHighest @ThermicDude @jesx64 This basically. I used to have a bad view of Samsung due to repair issues and hardware failures. After a few years I decided to try again and reassess. 

I realise that can be a longer process for some people but after two to three years it's difficult to judge.",Negative
2025-05-09 13:50:42+00:00,"@GooglePixel_US 
I. Just. Want. To. Change. My. Font. 
My next phone will be a Samsung because it's that important. I'm not the only one.",Positive
2025-05-09 13:50:24+00:00,"Trump knows NOTHING about economics. Time for Trump &amp; Vance to be IMPEACHED &amp; REMOVED. Then DEPORT MUSK 
https://t.co/btKFAlHMPR",Neutral
2025-05-09 13:50:00+00:00,@SamsungMobile Hi? Why the samsung just tagged me lol,Positive
2025-05-09 13:49:51+00:00,"@Hookieloof if you have a Samsung phone, can you buy the S25 Ultra?
https://t.co/kR4lJikFMV",Neutral
2025-05-09 13:49:30+00:00,"@AnxiousHolly They tend to present, then let go of greatness.

It‚Äôs a lot of why every Samsung slab phone I‚Äôve bought from S21 on out has been returned in under a week.",Neutral
2025-05-09 13:49:16+00:00,"#Felix goes viral everywhere, the FELIX effect, FELIX and Samsung, it's amazing we're eagerly waiting for May 13, there will be many surprises, congratulations FELIX, just because you deserve it, FELIX is the bestüëèüëèüëè https://t.co/NcPngCLtx6 https://t.co/2AAdNr5VTV",Positive
2025-05-09 13:49:08+00:00,@sondesix Ahh that's a shame for Samsung flagship of 2025ü§° and sammy boy keep defending it.,Negative
2025-05-09 13:49:03+00:00,@Wisemanlez @Samsung @Wisemanlez This is not the experience we would expect our customers to have and would like to help. Kindly share your detailed concern via direct message (DM) so that we can look into this. https://t.co/avriiVOR5I,Positive
2025-05-09 13:48:55+00:00,@b_poindexter @karma__yonglixx @Hyunjindorama @viraltakes Samsung s23 and s25 are not the same model but here's your obsessed fandom,Negative
2025-05-09 13:48:46+00:00,"Samsung Galaxy Book4 Intel¬Æ Core‚Ñ¢ i3-1315U, Windows 11 Home, 8GB, 256GB SSD, UHD Graphics, 15.6'' Full HD LED

link https://t.co/nymYQkZiwC https://t.co/rVVBCfigdi",Neutral
2025-05-09 13:48:21+00:00,Galaxy Watch tiles could look different in Samsung's next big update https://t.co/Xysz6nHJ7v by @chaosromero,Neutral
2025-05-09 13:48:16+00:00,"üö® Samsung Galaxy S25 Edge is being unveiled globally on May 13th! Here are all the leaks about its camera, specs, price, and more ‚Äì watch now!
https://t.co/jNCiYIZ9cj https://t.co/ryj2XS0fcE",Neutral
2025-05-09 13:47:58+00:00,"Samsung in Korea is--
Felix I'm so happy for uüò≠ https://t.co/Pzs8vNoTFn",Positive
2025-05-09 13:47:52+00:00,"üíªSAMSUNG Galaxy Book4 Pro 16  Built for Business Brilliance!
üåü3K AMOLED Touchscreen | Windows 11 Pro
‚ö°Intel Core 7 Ultra 155H | 32GB + 1TB Storage
üì°Wi-Fi PC | Sleek, Powerful, Professional
üïíUpgrade today! https://t.co/9zpevZ51cq
#GalaxyBook4Pro #SamsungLaptop #BusinessTech",Positive
2025-05-09 13:47:49+00:00,@SamsungCareUS it is a sad day when Samsung will not stand behind their products.  We have a 1-year-old Samsung freestyle that suddenly stopped working.  $270 to repair it seems outrageous.  #samsungsucks,Negative
2025-05-09 13:47:44+00:00,"#GalaxyAI #GalaxyS25 #Samsung
Ready to go beyond slim? Join us on May 13, 2025 to check out the slimmest Galaxy S Series ever. Learn more: https://t.co/gBGyLSBhy2 https://t.co/aYvzoLYPRM",Positive
2025-05-09 13:47:42+00:00,"Join us for a live session as we reflect on the highlights of this year. With the introduction of innovative AI features and the launch of our most powerful smartphone yet, the Galaxy S25 Ultra, there‚Äôs a lot to chat about. 

We‚Äôd ‚Ä¶ https://t.co/dCjfifW1tI",Positive
2025-05-09 13:47:30+00:00,"New Post: Samsung Galaxy A42 5G 6.6‚Ä≥ SM-A426U (UNLOCKED) 128GB Prism Dot Gray ‚Äì Grade A https://t.co/eWMsylNmXe
#ebay #ebayseller #amazon #online #shop #onlineshopping #shopping #sale #nyc #business https://t.co/FTCt3GLNR9",Neutral
2025-05-09 13:46:42+00:00,Confusing slbs with samsung is something expected from an uneducated whore like you üò≠üò≠üò≠ https://t.co/ap8fSODXkO,Negative
2025-05-09 13:46:12+00:00,@1us43 tiger and samsung should pay me https://t.co/nFVwY3DAkc,Negative
2025-05-09 13:46:02+00:00,@omGenios @Samsung_Chain Done,Neutral
2025-05-09 13:46:01+00:00,"Over the last decade, smartphones have undergone a remarkable transformation ‚Äì becoming more powerful and intelligent than ever before. https://t.co/SrkU1JKT0P",Positive
2025-05-09 13:45:59+00:00,"Why Galaxy S25 Edge is the most exciting Samsung phone in years

https://t.co/nkJXgTBaHg",Positive
2025-05-09 13:45:56+00:00,no wonder he's loyal using samsung üò≠ https://t.co/iEQ84C2Tqc,Positive
2025-05-10 06:41:50+00:00,"@roxanneonx @WorkaholicDavid The designs of the Samsung Galaxy Watch 8 series, like the one labeled ""Fresh 8 = Galaxy Watch 8,"" are not officially confirmed by Samsung as of May 9, 2025. These images are from Android Authority, a credible tech outlet, but they are based on leaks, not official statements.",Positive
2025-05-10 06:41:10+00:00,@usagidesu___ Its a samsung üò≠ but the amount of ppl didnt help me much ü§ß,Negative
2025-05-10 06:40:57+00:00,"Samsung Galaxy A56 vs. Galaxy S24 FE https://t.co/0K8Rz8UOyM

Shared via the Google App",Positive
2025-05-10 06:40:50+00:00,"@FlySWISS @cub2alex Morning Swiss Air, I need your assistance with a lost item on one of your planes. I was traveling from Zurich to Johannesburg on LX 0282 /088  on Seat G 006 on 7 May 2025. I lost/ forgot my samsung watch. I try to make contact  with your airline but nobody was able  to assist .",Negative
2025-05-10 06:40:42+00:00,@olajideobe @VictorB46743 Since you're gifting someone (who probably can't ordinarily afford it) I don't think a Samsung is a good idea. Maybe something less expensive to maintain.,Positive
2025-05-10 06:40:38+00:00,The Samsung Era was freaking amazing ü§© https://t.co/44nByizgqW,Positive
2025-05-10 06:40:31+00:00,The morning light was delicious. I should add that all I use is my Samsung phone with no filtering.,Positive
2025-05-10 06:39:52+00:00,"Samsung will recognize the praise and active support from Pixies, while those jealous, bitter fan groups will only drag their own favs down into the blacklist of low-quality consumers. Let them rot‚Äîno brand wants to be associated with people like that. https://t.co/a5q7rr0fXH",Positive
2025-05-10 06:39:43+00:00,"@KhadijahMaruf Alhamdulillah, may almighty Allah return the lost in many folds 
Though only Allah can protect one but I‚Äôm always on high alert when I get to anywhere near Anthony- Iyana Oworo 
They almost remove my Samsung of few weeks around that area sometimes last year",Positive
2025-05-10 06:39:05+00:00,"Samsung Galaxy Watch 8 Leak Reveals Bold New 'Squircle' Design

Read more: https://t.co/R7KmzGVF1H https://t.co/uka137O8dI",Positive
2025-05-10 06:38:05+00:00,"@OUb0j1w9i Good I never watch Caedrel chat just considering how toxic his community on Twitter is, GenG gameplay could look ‚Äúboring‚Äù cause it looked more like Samsung they were eating u alive in terms of macro without unnecessary risky plays and with comps that were going to always scale",Positive
2025-05-10 06:37:53+00:00,@jrgorings My Samsung S9 but it has spoil now,Neutral
2025-05-10 06:36:56+00:00,"Honestly, sometimes I wish I hadn‚Äôt blindly trusted a flagship launch. Spending a premium should mean peace of mind, not chasing support for a defective unit. Trust is earned, not assumed #GalaxyS24Ultra

https://t.co/ShCbQMKNLU",Positive
2025-05-10 06:36:41+00:00,"Samsung One UI 8 vs OPPO ColorOS15 app opening animation.
#OneUI8 #TeamGalaxy 

https://t.co/sY9QFxoQgH",Neutral
2025-05-10 06:36:32+00:00,"WTR OPEN RENT (SEWA) SAMSUNG S24U S24 ULTRA

NCT Wish (5/31)
BTOB (6/7)

üí∏ 575k

#NCTWISH #NCTWISH_ASIA_TOUR #NCTWISH_LOGIN_JAKARTA #BTOB #BTOBINJKT",Positive
2025-05-10 06:36:20+00:00,"Samsung Was Estimated To Lose Around $400 Million After It Decided To Drop The Exynos 2500 For The Galaxy S25 Series; European Galaxy S26 Models To Be Equipped With Exynos 2600 https://t.co/68MvFFbfUx

Shared via the Google App",Negative
2025-05-10 06:36:01+00:00,"SAMSUNG A16 (2 years warranty) 

Display -6.7 inches Super AMOLED ,90Hz 
Android 14  (6 major android updates)
Chipset -Helio G99
CPU-2.2 GHz
Main Camera -50MP+5MP+2MP
SELFIE-13MP
Side Mounted fingerprint 
5000 mAh battery
25W charging speed 

4GB +128GB -Kshs 16,500 https://t.co/1hJmH9dKv6",Positive
2025-05-10 06:35:55+00:00,I B u s s r so Sending love to Greet Meet Us.....Noah üíó ‚ù§Ô∏è ‚ô•Ô∏è üíì üíï üíñ #AskMeta form $AssNIK Mrs. &amp;Mr. Muhammed Rayeid Pedi #LUVSCENT in the family house. 100% OLDEREEL NYSE and Creator of Appol Samsung Metro PCS T-MOBILE powered Knox.üì≥ü´Ç https://t.co/qFMuLUB4vj,Positive
2025-05-10 06:34:44+00:00,"Run format of Appol Samsung Metro PCS T-MOBILE powered by Knox in Our MasteryRoalCross and Creator is the one. 
I'll think ü§î will. 
Trust? Me, Yes Hall.",Positive
2025-05-10 06:34:28+00:00,"Samsung One UI 8 vs OPPO ColorOS15, the transition curve is very close in the aspect of app opening animation. https://t.co/Utu8yM2x8k",Neutral
2025-05-10 06:34:24+00:00,@ElJefeGiveth2 @grok Samsung Galaxy 7 smart watch,Positive
2025-05-10 06:31:55+00:00,#Samsung to start making Tri-Fold phone screens soon https://t.co/pGAIiBVv49,Neutral
2025-05-10 06:30:20+00:00,"Limited time deal! Order TODAY!

Deal Price : ‚Çπ44,999.00 ‚úÖ
Regular Price : ‚Çπ52,999 ‚ùå

https://t.co/0nRhk6hvOL

Samsung Galaxy A56 5G (Awesome Graphite, 12GB, 256GB) | Awesome Intelligence: Circle to Search, Intelligent Editing | Awesome 6 OS &amp; 6 Years Security Updates | IP67",Positive
2025-05-10 06:29:54+00:00,same Youngjae I used Samsung anycall (pink) until 2015/2016üò≠ https://t.co/UVRFUAFg32,Neutral
2025-05-10 06:29:16+00:00,"Make this Mother‚Äôs Day extra special with the @SamsungSA Shop App ‚Äî easy, convenient, and packed with great deals! Celebrate Mom the smart way. Visit #UrbanLifestyle for more: https://t.co/IEFmcMYIel https://t.co/O9PYDzk2Cu",Positive
2025-05-10 06:29:01+00:00,"My Samsung 49"" Odyssey OLED is so stretchy, can someone help me https://t.co/2X64gAW5Fr",Positive
2025-05-10 06:28:20+00:00,"@SamsungIndia @CholaMS  I bought my dream Samsung phone with high hopes, financed via Samsung Finance+ EMI due May 5, 4:59 PM‚ÄîI paid at 5 AM same day. Yet, you slapped a ‚Çπ590 late fee, locked my apps, &amp; plastered my wallpaper with ""EMI overdue."" why this scam?  #SamsungScam",Negative
2025-05-10 06:28:15+00:00,Confirmed: Samsung Galaxy S25 Edge will be available in India #Samsung #GalaxyS25Edge #SamsungIndia https://t.co/c1NZUneKsx,Neutral
2025-05-10 06:27:50+00:00,"Samsung Galaxy S25 Edge Revealed: Price, Features, and everything you need to know
Go and visit https://t.co/yBLjwhSrmY",Neutral
2025-05-10 06:27:13+00:00,"Just upgraded to the new samsung flagship phone, cool to see diffusion models (I think) integrated so seamlessly into consumer products for object removal ü§Ø @ Toyama, Japan

Pic 1: original 
Pic 2: removing treetops 
Pic 3: removing the whole park üòÜ https://t.co/0Wr6OHBZMv",Positive
2025-05-10 06:27:09+00:00,"@SamsungIndia @SamsungUS @Samsung Only getting brief  replies for mails ,not solving the issue, day by day the issue is being serious am afraid that my battery will blast please do something fast",Neutral
2025-05-10 06:26:18+00:00,@Samsung I will never buy anything from Samsung again. Their products are full of bugs and obsolescence. They last the warranty period and then break. They are deliberately manufactured junk.,Neutral
2025-05-10 06:26:03+00:00,@Samsung I will never buy anything from Samsung again. Their products are full of bugs and obsolescence. They last the warranty period and then break. They are deliberately manufactured junk.,Neutral
2025-05-10 06:25:37+00:00,"One UI 8 bug on Galaxy S25 Ultra (ZYEA) that I found.

- Alarm clock does not sound when vibrate is on.

#OneUI8 #Samsung #GalaxyS25Ultra https://t.co/8ZtzRvEZRP",Negative
2025-05-10 06:25:31+00:00,@light_quasar @princessfefi @beesburt_143 @viraltakes Samsung is an independent brand! They have different campaigns at different times! Chngbin had his time it's over now! It's a new campaign and they need a new face! What's so difficult to understand there? You are creating unnecessary stan wars with your carless tweet,Negative
2025-05-10 06:25:11+00:00,@ytlyts Yourmap tester is probably deep in India using a Samsung üò≠üíî,Neutral
2025-05-10 06:25:08+00:00,@SamsungMobile I will never buy anything from Samsung again. Their products are full of bugs and obsolescence. They last the warranty period and then break. They are deliberately manufactured junk.,Neutral
2025-05-10 06:25:06+00:00,@tarunvats33 Didn't samsung ditch One ui7 for S21 Fe SD version ?,Neutral
2025-05-10 06:25:04+00:00,@Cfc_Kemboi Fly emirates and Samsung,Neutral
2025-05-10 06:24:29+00:00,@ElJefeGiveth2 @grok Samsung smart watch üòâ,Positive
2025-05-10 06:24:16+00:00,@MonstaGunner @SamsungMobile I will never buy anything from Samsung again. Their products are full of bugs and obsolescence. They last the warranty period and then break. They are deliberately manufactured junk.,Neutral
2025-05-10 06:24:06+00:00,I‚Äôve never seen a Samsung watch but I think I might know why https://t.co/1lddcjh1Mm,Neutral
2025-05-10 06:23:56+00:00,@LuisOctavi10145 Y un ad a samsung,Neutral
2025-05-10 06:23:12+00:00,@ElJefeGiveth2 @grok Samsung please.,Positive
2025-05-10 06:23:05+00:00,"#oneui7 available on #s22plus 
#samsung https://t.co/NuFe9laxwT",Neutral
2025-05-10 06:22:56+00:00,"Whimsy Goth Owls Tough PhoneCase - Samsung Galaxy iPhone 16 15 14 13 12 11 S25 S24 S23 S22 S21 Plus, Gift for Owl Lovers https://t.co/pavZOGd9GQ #iPhone16 #Phonecases #16ProMax #iPhonecases #S25S24S23S22 https://t.co/s4he3CAb52",Positive
2025-05-10 06:22:38+00:00,"@SamsungIndia @Samsung You are equal responsiblw as while order i put delivery 6 may, why you dispatch in advance? when i manually put late delivery date.Order ID: 33062174164Order Date: 4/30/2025 , 11:45:12 AM",Neutral
2025-05-10 06:22:29+00:00,"Open Rent S24U &amp; S25U

WTR S24U &amp; S25U | Sewa Samsung S24Ultra &amp; S25Ultra u/Konser, Fansign, Fancon, Fanmeeting

2Ô∏è‚É£4Ô∏è‚É£
BAEMON‚ùåÔ∏è
KYUNGSOO‚ùåÔ∏è
2Ô∏è‚É£5Ô∏è‚É£
TXT MACAU‚ùåÔ∏è
&amp;TEAM‚ùåÔ∏è

‚ú®Ô∏èSpecial fee event LN &amp; lebih dr 1 hari‚ú®Ô∏è https://t.co/JcHmpUwuns",Neutral
2025-05-10 06:22:28+00:00,"@SamsungHelpUK  with trade in, do I need to send the phone before or after i have received my new phone from Samsung please?",Positive
2025-05-10 06:22:08+00:00,Samsung Galaxy S25 Edge Features New Corning¬Æ Gorilla¬Æ Glass Ceramic 2 for Enhanced Durability - Samsung Newsroom #Tech #Technology #News #ShortNews #AI #X #Xnews #Trending https://t.co/QuLvt5kh3R,Neutral
2025-05-10 06:22:00+00:00,"wts lfb ph

SAMSUNG S6 LITE
64 GB WIFI ONLY
GOOD CONDITION
10k
RFS: Upgrade https://t.co/INOjPF64gp",Positive
2025-05-10 06:21:34+00:00,@bts_thv95_ I own both but I like using Samsung more. The iPhone is most used for photography.,Positive
2025-05-10 06:21:29+00:00,@SamsungMobile Samsung‚Äôs next move sounds exciting‚Äîpushing boundaries yet again. Can‚Äôt wait to see how they‚Äôve redefined sleek design with powerful AI features. May 13 is going to be a big day for tech lovers! #NextGenGalaxy,Positive
2025-05-10 06:21:08+00:00,"Samsung Front Loader Washing Machines

7kg - UGX 1,950,000/-
8kg- UGX 2,250,000/-
9kg - UGX 2,400,000/-

All Come with Free Delivery 

üìçKooki Towers
üööCountrywide Delivery
üì≤ 0759679038
#AuthenticGadgets https://t.co/iekF6mOlRa",Positive
2025-05-10 06:20:12+00:00,Hate Exynos? Samsung Galaxy S25 FE may pack MediaTek‚Äôs best chip #Samsung #GalaxyS25FE https://t.co/YsV162B4oT,Positive
2025-05-10 06:20:05+00:00,"@SamsungMobile Samsung is pushing boundaries again‚Äîexcited to see what the slimmest Galaxy S Series will bring to the table. Design, performance, and AI innovation could reach a whole new level. May 13 can‚Äôt come soon enough!",Positive
2025-05-10 06:19:59+00:00,@joegoldberg411 50-70k na go with Samsung entry flagship or Google entry level flagship.,Positive
2025-05-10 06:19:44+00:00,@frokfrdk Why are Samsung phones' battery expanding specifically? I have a 13 year old Motorola and it's just fine,Positive
2025-05-10 06:19:21+00:00,"Fire üî• set up. 

#myscreenoftheday 
#Samsung #samsunggalaxyA15 https://t.co/DWATqztXCv",Negative
2025-05-10 06:19:05+00:00,@SamsungIndia @SamsungMobile @Samsung No action has yet been taken by Samsung @SamsungIndia. They are spreading lies about their service on the internet.,Negative
2025-05-10 06:18:05+00:00,@SamsungMobile Samsung keeps pushing the boundaries of design and innovation‚Äîcan‚Äôt wait to see how far they‚Äôve taken sleekness this time. May 13 is going to be a big day for Galaxy fans! Hoping for some powerful surprises too.,Positive
2025-05-10 06:17:45+00:00,@DerHanfried It's the pixel shifting and pixel shape. It causes massive eye stress that you don't get on Samsung panels.,Negative
2025-05-10 06:16:58+00:00,whoever has a samsung do NOT download the new update everything became so ugly for me https://t.co/B1tQvVf1Df,Negative
2025-05-10 06:16:24+00:00,"@Jeez_louise__ @CaVivekkhatri @CaVivekkhatri @Jeez_louise__ Turkish products popular in India include Beko appliances, aiming for 10% market share by 2025, with alternatives like LG and Samsung. Godiva chocolates and Turkish Delight are consumed, with local brands like Amul and Cadbury as substitutes.",Positive
2025-05-10 06:16:08+00:00,"Samsung - 9 kg, 5 star, Wi-Fi, Hygiene Steam with Inbuilt Heater, Digital Inverter, Front Load Washing Machine

at Rs.29,990 üí•

üåü Apply Rs.2,000 Off Coupon 
üåü Rs.6,000 Off with HDFC Credit Cards

Link: https://t.co/lYhbSUsJWa",Positive
2025-05-10 06:15:55+00:00,"Samsung didn‚Äôt wake up a tech giant. 

So it's okay to figure it out one step at a time‚Ä¶
You‚Äôre not lost.

You‚Äôre just in your grocery store era.

Sell that idea, code that app, post that content.

GM to those who GM @GiveRep https://t.co/yXzORAfG8n",Positive
2025-05-10 06:15:39+00:00,@FinanceLancelot More then 60% of Samsung TV-Panels produced in China. üôÉ,Neutral
2025-05-10 06:14:27+00:00,"@Sankew06 In comparison to competition it deserves, but among samsung phones too ??",Neutral
2025-05-10 06:14:07+00:00,"Galaxy S25 Edge is literally just Samsung trying to release an ""iPhone Air"" ahead of the actual iPhone Air to make it look like Apple copied them https://t.co/bEEIhETUoB",Positive
2025-05-10 06:13:48+00:00,"Gentle Reminder 22

#Samsung_Fraud #Samsung_AC_Fraud 
@SamsungIndia @Samsung @SamsungDSGlobal @SamsungUS @samsung

Do you have any responsibility for your products?
If Yes, then why is this issue persistent from¬†your end since 2023? https://t.co/5bRH5bazN6",Positive
2025-05-10 06:13:37+00:00,"@WorkaholicDavid it's literally just Samsung trying to release an ""iphone air"" ahead of the actual iphone air to make it look like apple copied them for once instead of the other way around.",Positive
2025-05-10 06:13:20+00:00,"Hurry ‚ö° Deal Alert! üî• 89% Claimed!
etguuds USB to USB C Cable 3ft, 2-Pack USB A to Type C Charger Cord Fast Charging for Samsung...
Buy Now on Amazon üëâ https://t.co/GIz4KplQuD
üí∞ Price Now $5.94 (Was $6.99)
üíµ Save $1 (15% OFF!)
ad #AmazonDeals #AmazonCoupons https://t.co/O6nvPyMw8L",Positive
2025-05-10 06:13:16+00:00,"Samsung 9KG, 5 star Fully-Automatic Front Load Washing Machine at 29,990

https://t.co/diFn77R8aZ

Apply ‚Çπ2000 Off Coupon + Pay Using HDFC Credit Card EMI",Positive
2025-05-10 06:12:59+00:00,"Ad: ¬£229 DEAL !!! #Samsung 43"" DU8070 Crystal UHD Smart TV ft Object Tracking Sound Lite, AirSlim, Gaming Hub, Crystal Processor 4K powered by Tizen, UE43DU8070UXXU - UK üá¨üáß https://t.co/q7coGAth1d https://t.co/aSp9xL22Ui",Positive
2025-05-10 06:12:13+00:00,"üí® OFFER SAMSUNG A SERIES

‚ñ™Ô∏èA05 (4+64) - 250K
‚ñ™Ô∏èA06 (4+128) - 330K
‚ñ™Ô∏èA05s (4+128) - 350K
‚ñ™Ô∏èA16 (4+128) -450K
‚ñ™Ô∏èA26 5G (6+128) - 680K
‚ñ™Ô∏èA36 5G (6+128) - 900K
‚ñ™Ô∏èA56 5G (8+128) - 1M

üìçDar: KKKT Kariakoo
üìçMwanza: Roundabout ya Samaki
üìû 0745100757
https://t.co/hSrL8q8EHw https://t.co/6R6AVTEwWY",Neutral
2025-05-10 06:12:04+00:00,"@ElJefeGiveth2 @grok Tired of Samsung productsüò™

Apple 10 smartwatch",Negative
2025-05-10 06:11:47+00:00,@ElJefeGiveth2 @grok A Samsung galaxy 7 smart watch,Positive
2025-05-10 06:10:24+00:00,"#shotonsnapdragon
Shot on samsung S10

What I see.                                        What I take https://t.co/sNS37WCxuT https://t.co/Mdb5AtLjlL",Neutral
2025-05-10 06:10:23+00:00,"üí•Grab if needed- Samsung 9 kg, 5 star, AI EcoBubble, Super Speed, Wi-Fi, Hygiene Steam with Inbuilt Heater for ‚Çπ29,990 (Effectively) üìåApply ‚Çπ2,000 off Coupon + Flat ‚Çπ6,000 off with HDFC Bank Cards EMI https://t.co/UW4TWE6lwq",Positive
2025-05-10 06:10:13+00:00,@nash_slayer @Flipkart @Samsung @flipkartsupport @nash_slayer We request you to share with us your contact details via direct message (DM) so that we can assist you further. Thanks! https://t.co/avriiVOR5I,Positive
2025-05-10 06:09:39+00:00,"This is going to seem like a conspiracy theory...

I've used Samsung panels for years. No issues.
I recently tried a TCL panel produced in China &amp; my vision has gone to shit.

Go back to the Samsung. Vision returns to normal

If you're trying to make people blind this would do it",Negative
2025-05-10 06:09:23+00:00,"@IndiaWarMonitor Please add chinese companies as well. Why the fuck are we still consuming chinese phones in our country ??? Switch to alternatives like Samsung, Apple, etc..",Positive
2025-05-10 06:09:13+00:00,"Samsung 9 kg, 5 star, AI EcoBubble, Super Speed, Wi-Fi, Hygiene Steam  ‚Çπ 29,990

üì∑Apply ‚Çπ2,000 off Coupon + Flat ‚Çπ6,000 off with HDFC Bank Cards EMI
https://t.co/IZ3tMoSy0K",Positive
2025-05-10 06:09:06+00:00,"All Green Best
https://t.co/QbpMQQVTif Oura Ring Gen3 Sizing Kit - Sleep Tracking Wearable - Heart Rate - Fitness Tracker
https://t.co/GKT1TVC7SF Gold
https://t.co/AzrBtTyVpl Titanium Ai smart ring
https://t.co/K24HOTHnEP Waterproof Health Ring
https://t.co/9T93w8cVcY  Sleep https://t.co/W6XuH4BVQB",Positive
2025-05-10 06:08:43+00:00,"All Green Best
https://t.co/QbpMQQVTif Oura Ring Gen3 Sizing Kit - Sleep Tracking Wearable - Heart Rate - Fitness Tracker
https://t.co/GKT1TVC7SF Gold
https://t.co/AzrBtTyVpl Titanium Ai smart ring
https://t.co/K24HOTHnEP Waterproof Health Ring
https://t.co/9T93w8cVcY  Sleep https://t.co/fimGD7URsL",Positive
2025-05-10 06:08:39+00:00,"@SamsungMobile Samsung keeps raising the bar! Can‚Äôt wait to see what the slimmest Galaxy S Series has in store‚Äîdesign, performance, and AI power all packed into one sleek device. May 13 can't come soon enough! #NextGenGalaxy",Neutral
2025-05-10 06:08:37+00:00,"üì± Samsung Galaxy Watch6 Classic LTE 43mm Smartwatch Fitness Tracker, Monitoraggio Benessere, Batteria a lunga durata, Gh... https://t.co/j2SeQOrk4W https://t.co/MUpzUhvQw3",Positive
2025-05-10 06:08:19+00:00,"All Green Best
https://t.co/QbpMQQVTif Oura Ring Gen3 Sizing Kit - Sleep Tracking Wearable - Heart Rate - Fitness Tracker
https://t.co/GKT1TVC7SF Gold
https://t.co/AzrBtTyVpl Titanium Ai smart ring
https://t.co/K24HOTHnEP Waterproof Health Ring
https://t.co/9T93w8cVcY  Sleep https://t.co/sYpqgwgp2W",Positive
2025-05-10 06:07:50+00:00,"All Green Best
https://t.co/QbpMQQVTif Oura Ring Gen3 Sizing Kit - Sleep Tracking Wearable - Heart Rate - Fitness Tracker
https://t.co/GKT1TVC7SF Gold
https://t.co/AzrBtTyVpl Titanium Ai smart ring
https://t.co/K24HOTHnEP Waterproof Health Ring
https://t.co/9T93w8cVcY  Sleep https://t.co/lJfP60fkhK",Positive
2025-05-10 06:07:27+00:00,"üì± Samsung Galaxy Watch6 Classic LTE 43mm Smartwatch Fitness Tracker, Monitoraggio Benessere, Batteria a lunga durata, Gh... https://t.co/tIm6kx1Vb5 https://t.co/LF15zsWXqj 

üì± Samsung Galaxy Watch6 Classic LTE 43mm Smartwatch Fitness Tracker, Monitorag‚Ä¶ https://t.co/aVZB7CMwB7 https://t.co/xhTd7scMuX",Positive
2025-05-10 06:07:04+00:00,"@ElJefeGiveth2 @grok 1. Samsung Galaxy 7 smartwatch 

Wish me luck üòçüòçüòç",Positive
2025-05-10 06:06:53+00:00,"All Green Best
https://t.co/QbpMQQVTif Oura Ring Gen3 Sizing Kit - Sleep Tracking Wearable - Heart Rate - Fitness Tracker
https://t.co/GKT1TVC7SF Gold
https://t.co/AzrBtTyVpl Titanium Ai smart ring
https://t.co/K24HOTHnEP Waterproof Health Ring
https://t.co/9T93w8cVcY  Sleep https://t.co/u8qCjE50D3",Positive
2025-05-10 06:06:39+00:00,"OPEN RENT / Sewa HP Samsung S22 S23 S24  Ultra 
‚úÖÔ∏èNo Deposit 
Testi? #Alxtesti / ig rentajasini
Baby monster kai 
Babymonster
BTOB‚úÖÔ∏è
Andteam &amp;team‚úÖÔ∏è
NCT WISH(Diskon)‚úÖÔ∏è
Allobank treasure‚úÖÔ∏è
 Xdinary heroes
 wtr s24 ultra, want to rent,  wts s24ultra s24u s22 s23u s22u https://t.co/QVULY1ugjk",Positive
2025-05-10 06:06:38+00:00,Frame TV Art - Gray Wash Soft Floral Painting - Muted Elegance - TV art for Samsung Frame Tv - 4K TV Wallpaper - Digital Download https://t.co/F9DYb6Fq9J #frametvart #CanvastoScreen #digitalart #samsungframetv #Etsy #screensaver #JapandiArt https://t.co/9rfMBUwJME,Positive
2025-05-10 06:06:03+00:00,"Tablet Sleeve Bag 9-11 inch for XiaoMi Pad 5 Pro iPad Air Pro 11 13 M4 M2 10th/9/8 10.2 For Samsung Huawei Shockproof Pouch...
USD USD 6.20 (0% off, USD USD 6.20)

https://t.co/NWfUpkU2Jp
#Tablet #Tablet #Audio #AliExpress",Positive
2025-05-10 06:05:40+00:00,"All Green Best
https://t.co/QbpMQQVTif Oura Ring Gen3 Sizing Kit - Sleep Tracking Wearable - Heart Rate - Fitness Tracker
https://t.co/GKT1TVC7SF Gold
https://t.co/AzrBtTyVpl Titanium Ai smart ring
https://t.co/K24HOTHnEP Waterproof Health Ring
https://t.co/9T93w8cVcY  Sleep https://t.co/7zjChvUdTg",Positive
2025-05-10 06:05:19+00:00,"@BaseLineWoo Maybe it is this specific type of photos (I used to take a lot of documents photos), but with S22 it's way worse than IP7 no matter what settins are... 
For regular photos... Samsung is adjusting colors too much for my liking üò¨ and I don't think it's better with Ultra",Negative
2025-05-10 06:05:01+00:00,"üì± Samsung Galaxy Watch6 Classic LTE 43mm Smartwatch Fitness Tracker, Monitoraggio Benessere, Batteria a lunga durata, Gh... https://t.co/j2SeQOrk4W https://t.co/5CwexcrfI3",Positive
2025-05-10 06:04:27+00:00,"@iheartalessi @buffys_pasta iPhone is overpriced and, in most aspects, technologically inferior to/behind Google &amp; Samsung",Negative
2025-05-10 06:04:25+00:00,"@LivingInHarmony I wish this OS will be popular and adopted to other OEM. I'm literally tired of hoping on Windows.
At the first time, I wish Samsung instead of Huawei who developed their own OS, but option is an option.",Positive
